사건번호,물건종류,용도설명,소재지,감정가(원),최저매각가(원),낙찰가(원),매각기일,유찰횟수,거리(m)
2023타경11919,기타건물,단독주택다가구,경기도 수원시 영통구 매탄동 407-15,1753189120,1227232000,1240000000,2026-01-07,1,1398
2023타경13632,주거용,기타,경기도 수원시 영통구 원천동 246 에이스스마트윙영통지식산업센터 1동 13층1309호,190000000,65170000,82570000,2025-04-28,3,761
2023타경53197,아파트,아파트,경기도 수원시 영통구 하동 1021 힐스테이트광교 103동 8층803호,1580000000,1106000000,1480300000,2025-10-24,1,1525
2023타경85408,아파트,다세대,경기도 수원시 영통구 매탄동 198-88 198빌 2층201호,333000000,163170000,205500000,2025-10-29,2,1176
2023타경87145,아파트,"상가,오피스텔,근린시설",경기도 수원시 영통구 원천동 353-15 힐스해피하우스,3455947000,1693414000,2439763000,2025-10-14,2,1265
2024타경2530,아파트,아파트,경기도 수원시 영통구 원천동 593 광교아이파크 107동 18층1804호,987000000,690900000,799999999,2025-06-16,1,250
2024타경3632,주거용,근린시설,경기도 수원시 영통구 원천동 246 에이스스마트윙영통지식산업센터 1동 12층1210호,190000000,65170000,102000000,2026-04-10,3,761
2024타경5874,주거용,근린시설,경기도 수원시 영통구 이의동 1336 힐스테이트 광교중앙역 주건축물제1동 2층236호,657000000,459900000,0,2026-06-09,2,1764
2024타경6815,기타건물,단독주택다가구,경기도 수원시 영통구 매탄동 483-3,2601785700,1274874000,1750000000,2025-08-18,2,1914
2024타경6877,아파트,아파트,경기도 수원시 영통구 매탄동 1217-5 백자아파트 101동 1층112호,462000000,323400000,390100999,2025-08-20,1,780
2024타경7290,아파트,아파트,경기도 수원시 영통구 원천동 548 원천레이크파크아파트 203동 7층703호,408000000,408000000,426000000,2025-05-21,0,414
2024타경8217,주거용,"상가,오피스텔,근린시설",경기도 수원시 영통구 원천동 627 현대테라타워영통 10층비1002호,165000000,80850000,84850000,2025-10-14,2,1563
2024타경9586,아파트,"상가,오피스텔,근린시설",경기도 수원시 영통구 원천동 296-6 수원영통아크로파크 12(104동)층1203호,332000000,232400000,259500050,2025-09-24,1,980
2024타경9609,아파트,아파트,경기도 수원시 영통구 원천동 333-3 원천1차삼성아파트 1동 13층1302호,239000000,167300000,206080000,2025-08-29,1,850
2024타경9869,기타건물,다가구주택,경기도 수원시 영통구 원천동 406-4,2736527590,1915569000,0,2026-04-29,2,1377
2024타경10029,주거용,오피스텔,경기도 수원시 영통구 하동 1017-4 포레나광교 40층101동4001호,1150000000,1150000000,0,2026-04-24,1,1403
2024타경10302,주거용,"상가,오피스텔,근린시설",경기도 수원시 영통구 원천동 589 광교중흥에스클래스판매시설 지1층비1-133호,730000000,357700000,0,2026-06-09,3,1200
2024타경11091,아파트,아파트,경기도 수원시 영통구 영통동 955-1 영통포레파크원 아파트 143동 18층1806호,416000000,416000000,419910000,2025-10-14,0,1994
2024타경12827,아파트,"상가,오피스텔,근린시설",경기도 수원시 영통구 영통동 945-2 수원영통리슈빌스카이오피스텔 12층1212호,314000000,219800000,273000000,2025-10-31,1,1946
2024타경12926,아파트,아파트,경기도 수원시 영통구 매탄동 810-4 성일아파트 201동 2층201호,212000000,148400000,188999999,2026-01-27,1,1601
2024타경13936,기타건물,기타,경기도 수원시 영통구 원천동 263-15,23100000,23100000,50010000,2025-10-29,0,645
2024타경13974,주거용,"상가,오피스텔,근린시설",경기도 수원시 영통구 하동 1016 광교효성해링턴타워 13층에이동1311호,266000000,266000000,0,2026-04-24,1,1797
2024타경55749,아파트,아파트,경기도 수원시 영통구 매탄동 176 현대힐스테이트아파트 107동 7층704호,499000000,499000000,525117777,2025-06-17,0,1808
2024타경56674,아파트,오피스텔,경기도 수원시 영통구 이의동 1336-1 광교엘포트아이파크 15층비1534호,205000000,70315000,70707070,2025-04-29,3,1693
2024타경56803,아파트,아파트,경기도 수원시 영통구 영통동 955-1 영통포레파크원 아파트 153동 18층1802호,338000000,236600000,345990000,2025-04-21,1,1994
2024타경60192,아파트,아파트,경기도 수원시 영통구 영통동 955-1 황골마을주공1단지아파트 152동 11층1104호,412000000,412000000,415500000,2025-05-13,0,1994
2024타경63948,아파트,아파트,경기도 수원시 영통구 매탄동 810-4 성일아파트 203동 13층1305호,275000000,192500000,254000000,2025-07-02,1,1601
2024타경64170,아파트,"상가,오피스텔,근린시설",경기도 수원시 영통구 이의동 1336-1 광교엘포트아이파크 13층씨1301호,215000000,73745000,195000000,2025-12-01,3,1693
2024타경64293,아파트,아파트,경기도 수원시 영통구 하동 1019 광교더샵레이크파크 102동 31층3105호,974000000,681800000,865000000,2025-05-28,1,1692
2024타경66909,아파트,오피스텔,경기도 수원시 영통구 하동 1016 광교효성해링턴타워 14층비동1402호,392000000,274400000,330000000,2025-04-25,1,1797
2024타경67186,아파트,오피스텔,경기도 수원시 영통구 이의동 1336-1 광교엘포트아이파크 9층비911호,207000000,144900000,144900000,2025-08-19,1,1693
2024타경72256,아파트,아파트,경기도 수원시 영통구 원천동 35 원천주공아파트 106동 2층211호,280000000,196000000,261110000,2025-11-12,1,1330
2024타경77879,아파트,아파트,경기도 수원시 영통구 원천동 300-3 신미주아파트 102동 19층1901호,350000000,245000000,260777000,2025-09-26,1,899
2024타경79202,아파트,아파트,경기도 수원시 영통구 원천동 548 원천레이크파크아파트 202동 12층1206호,420000000,420000000,451200000,2025-08-19,0,414
2024타경80165,아파트,아파트,경기도 수원시 영통구 하동 1013 광교더리브 6206동 27층2701호,1130000000,1130000000,1187520000,2025-11-18,0,1951
2024타경81083,아파트,아파트,경기도 수원시 영통구 매탄동 1211 한국아파트 104동 5층508호,600000000,420000000,550100000,2025-08-12,1,451
2024타경84983,아파트,오피스텔,경기도 수원시 영통구 이의동 1336-1 광교엘포트아이파크 12층에이1234호,438000000,150234000,394000000,2025-11-04,3,1693
2024타경85108,아파트,오피스텔,경기도 수원시 영통구 이의동 1338 광교센트럴푸르지오시티 14층에이동1432호,158000000,110600000,110600000,2025-09-01,1,1633
2024타경85177,아파트,아파트,경기도 수원시 영통구 영통동 955-1 황골마을주공1단지아파트 158동 4층401호,380000000,380000000,420060024,2025-11-05,0,1994
2024타경85184,아파트,아파트,경기도 수원시 영통구 영통동 955-1 황골마을주공1단지아파트 140동 4층405호,352000000,246400000,321750000,2025-09-23,1,1994
2024타경86965,아파트,단독주택,경기도 수원시 영통구 매탄동 407-24,1750414760,857703000,1192600760,2025-09-05,2,1426
2024타경87111,아파트,아파트,경기도 수원시 영통구 이의동 1370 광교에듀포레 5001동 10층1003호,1090000000,1090000000,1388009999,2026-03-17,0,1451
2024타경89490,아파트,오피스텔,경기도 수원시 영통구 이의동 1336-1 광교엘포트아이파크 5층씨503호,180000000,126000000,150000000,2026-04-06,1,1693
2024타경90469,아파트,아파트,경기도 수원시 영통구 영통동 955-1 황골마을주공1단지아파트 137동 5층501호,415000000,290500000,388110000,2025-09-15,1,1994
2024타경91196,아파트,아파트,경기도 수원시 영통구 원천동 589 광교중흥에스클래스 109동 43층4303호,1670000000,1169000000,1714132598,2025-12-08,1,1200
2023타경12349,기타건물,다가구주택,경기도 용인시 기흥구 영덕동 1068-6,1920584800,1344409000,0,2026-04-27,2,1885
2024타경12322,아파트,아파트,경기도 용인시 기흥구 영덕동 969 흥덕마을힐스테이트 707동 10층1004호,800000000,800000000,800011000,2025-07-15,0,1455
2024타경13240,주거용,"상가,오피스텔,근린시설",경기도 용인시 기흥구 영덕동 1029 유-타워 21층2104호,333000000,163170000,240000000,2025-11-21,2,1842
2023타경13274,아파트,다세대,경기도 수원시 팔달구 우만동 111-11 2층201호,177000000,86730000,0,2026-04-13,3,1976
